{
  "mean": [
    17.613172241210936,
    18.974821166992186
  ],
  "std": [
    56.18307914622904,
    58.29435440444182
  ]
}